1;Louis-PC;1;14.03.2019 11:28:39
2;Louis-Matebook;1;15.03.2019 09:21:14
3;Louis-Matebook2;1;18.03.2019 11:28:21
4;Louis-Matebook22;1;18.03.2019 11:29:37
5;Louis-Matebook221;1;18.03.2019 11:30:35
6;Louis-Matebook2212;1;18.03.2019 11:31:50
7;Louis-Matebook22121;1;18.03.2019 11:32:58
8;Louis-Matebook221212;1;18.03.2019 11:34:12
9;Louis-Matebook22121f2;1;18.03.2019 11:34:39
10;louis-pca;1;19.03.2019 12:15:44
11;louis-pcaf;1;19.03.2019 12:17:22
12;louis-pcaff;1;19.03.2019 15:11:14
13;louis-pcafff;1;19.03.2019 15:29:35
14;louis-pcasfff;1;20.03.2019 08:22:54
15;louis;1;20.03.2019 09:07:40
16;louis1;1;20.03.2019 09:08:47
17;louis2;1;25.03.2019 15:00:01
18;louis22;1;25.03.2019 16:23:48
